sender,subject,body,sent_date,category,sentiment,priority
diana@client.co,General query about subscription,"Hi team, I am unable to log into my account since yesterday. Could you please help me resolve this issue?",2025-08-25 00:58:09,Billing/Payment,Negative,Not urgent
eve@startup.io,Immediate support needed for billing error,"Hello, I wanted to understand the pricing tiers better. Could you share a detailed breakdown?",2025-08-20 12:58:09,Billing/Payment,Negative,Urgent
alice@example.com,Urgent request: system access blocked,"Hi team, I am unable to log into my account since yesterday. Could you please help me resolve this issue?",2025-08-21 21:58:09,Login/Access,Negative,Urgent
alice@example.com,Critical help needed for downtime,"Hi team, I am unable to log into my account since yesterday. Could you please help me resolve this issue?",2025-08-18 08:58:09,General Inquiry,Negative,Urgent
alice@example.com,General query about subscription,"Our servers are down, and we need immediate support. This is highly critical.",2025-08-26 02:58:09,Billing/Payment,Neutral,Urgent
eve@startup.io,Critical help needed for downtime,"Our servers are down, and we need immediate support. This is highly critical.",2025-08-21 19:58:09,General Inquiry,Neutral,Urgent
alice@example.com,General query about subscription,I am facing issues with verifying my account. The verification email never arrived. Can you assist?,2025-08-26 01:58:09,Billing/Payment,Neutral,Not urgent
alice@example.com,Immediate support needed for billing error,"Despite multiple attempts, I cannot reset my password. The reset link doesn’t seem to work.",2025-08-19 07:58:09,Login/Access,Negative,Urgent
bob@customer.com,Urgent request: system access blocked,"Despite multiple attempts, I cannot reset my password. The reset link doesn’t seem to work.",2025-08-19 13:58:09,Login/Access,Negative,Urgent
